{
  "meta": {
    "schema_version": 1,
    "paket_version": "1.0.0",
    "sprache": "de",
    "stil": "werkstatt",
    "aktualisiert_am": "2026-02-01T05:37:58Z"
  },
  "strings": {
    "app.titel": "Modultool – Video-Werkstatt",
    "dashboard.titel": "Schaltzentrale",
    "sidebar.material": "Material",
    "sidebar.werkzeugkasten": "Werkzeugkasten",
    "sidebar.vorlagen": "Vorlagen",
    "sidebar.automatik": "Automatik",
    "sidebar.tests": "Werkstatt-Prüfung",
    "buttons.in_warteschlange": "In Warteschlange",
    "buttons.vorschau_10s": "Vorschau (zehn Sekunden)",
    "buttons.ausgabe_start": "Ausgabe starten",
    "buttons.abspielen": "Abspielen",
    "buttons.ordner": "Ordner",
    "buttons.details": "Details",
    "buttons.quelle_ersetzen": "Quelle ersetzen",
    "buttons.neu_ton_safe": "Neu machen (Ton Safe)",
    "preset.youtube_hd_tonsafe": "YouTube HD (Ton Safe)",
    "preset.shorts_9_16_tonsafe": "Shorts 9:16 (Ton Safe)",
    "etikett.neu": "NEU",
    "etikett.in_arbeit": "IN ARBEIT",
    "etikett.bereit": "BEREIT",
    "etikett.laeuft": "LÄUFT",
    "etikett.fertig": "FERTIG",
    "etikett.quarantaene": "QUARANTÄNE",
    "etikett.uebersprungen": "ÜBERSPRUNGEN",
    "reports.karte_titel": "Letzte Nacht",
    "reports.block_quarantaene_jobs": "Neue Aufträge aus Quarantäne",
    "reports.block_fertig_kurz": "Frisch aus der Werkbank",
    "reports.quarantaene_status_abgehakt": "Quarantäne heute: abgehakt",
    "reports.quarantaene_status_offen": "Quarantäne heute: offen ({anzahl})",
    "sidebar.entwicklerdoku": "Entwicklerdoku",
    "favoriten.titel": "Werkzeugkasten – Favoriten",
    "favoriten.suchen": "Suchen in Favoriten …",
    "favoriten.hinzufuegen": "Favorit hinzufügen",
    "favoriten.entfernen": "Entfernen",
    "favoriten.stern": "Stern umschalten",
    "favoriten.tags": "Tags setzen",
    "favoriten.ordner": "Favoriten-Ordner öffnen",
    "sidebar.einstellungen": "Einstellungen",
    "settings.titel": "Einstellungen – Werkstatt-Schrauben",
    "settings.speichern": "Speichern",
    "settings.standard": "Standard wiederherstellen",
    "settings.testen": "Pfade testen",
    "settings.ok": "OK",
    "settings.fehler": "Fehler",
    "settings.speicherorte": "Speicherorte",
    "settings.audio": "Audio",
    "settings.dateinamen": "Dateinamen",
    "settings.watchfolder": "Downloads-Ordner (Watchfolder)",
    "settings.exports": "Ausgaben",
    "settings.library_audio": "Lager: Audio",
    "settings.library_images": "Lager: Bilder",
    "settings.quarantine": "Quarantäne",
    "settings.quarantine_jobs": "Quarantäne-Aufträge",
    "settings.reports": "Arbeitsberichte",
    "settings.staging": "Zwischenablage",
    "settings.trash": "Papierkorb",
    "settings.fade_in": "Fade-In (Sek.)",
    "settings.fade_out": "Fade-Out (Sek.)",
    "settings.min_bitrate": "Min. Bitrate (kbps)",
    "settings.target_bitrate": "Ziel-Bitrate (kbps)",
    "settings.samplerate": "Samplerate (Hz)",
    "settings.template_single": "Vorlage (Einzel)",
    "settings.template_batch": "Vorlage (Stapel)",
    "settings.append_label": "Etikett an Ausgabe anhängen",
    "settings.append_mode": "Etikett-Modus",
    "settings.append_short": "Kurzform Etikett",
    "settings.preview_name": "Vorschau Dateiname",
    "settings.folder_waehlen": "Ordner wählen",
    "maintenance.titel": "Werkstatt-Aufräumen",
    "maintenance.run": "Aufräumen",
    "maintenance.hinweis": "Räumt Logs/Cache/Temp auf, ohne deine Ausgaben anzufassen.",
    "maintenance.ok": "Aufräumen fertig.",
    "maintenance.fehler": "Aufräumen hatte Probleme. Details im Protokoll.",
    "quar_tab.titel": "Quarantäne-Aufträge (heute)",
    "quar_tab.hinweis": "Hier reparierst du Quarantäne-Fälle im Tool. Sortierbar, klickbar, keine Suche im Dateichaos.",
    "quar_tab.refresh": "Aktualisieren",
    "quar_tab.open_json": "JSON öffnen",
    "quar_tab.open_folder": "Quarantäne-Ordner",
    "quar_tab.rerun": "Neu (Ton Safe)",
    "quar_tab.replace": "Quelle ersetzen",
    "quar_tab.postpone": "Zurückstellen",
    "quar_tab.mark_done": "Erledigt",
    "quar_tab.all_rerun": "Alle bereit neu machen",
    "quar_tab.status": "Status",
    "quar_tab.file": "Datei",
    "quar_tab.reason": "Grund",
    "quar_tab.tries": "Versuche",
    "quar_tab.action": "Aktion",
    "workbench.titel": "Werkbank – Standbild + Audio",
    "workbench.hinweis": "Wähle Audio + Bild (oder mehrere Audios). Dann Ausgabe bauen. Ton bleibt Ton Safe.",
    "workbench.export_now": "Ausgabe bauen",
    "workbench.preset": "Vorlage",
    "workbench.youtube": "YouTube HD (Ton Safe)",
    "workbench.shorts": "Shorts 9:16 (Ton Safe)",
    "workbench.text_on": "Lauftext aktiv",
    "workbench.text": "Lauftext",
    "workbench.text_speed": "Tempo",
    "workbench.text_pos": "Position",
    "workbench.text_bg": "Balken hinter Text",
    "workbench.logo_on": "Logo aktiv",
    "workbench.logo": "Logo",
    "workbench.logo_pos": "Logo-Position",
    "workbench.logo_size": "Logo-Größe (%)",
    "workbench.grayscale": "Schwarz/Weiß (optional)",
    "workbench.open_exports": "Ausgaben öffnen",
    "workbench.pairing": "Bild-Zuweisung",
    "workbench.pairing_one": "1 Bild für alle",
    "workbench.pairing_seq": "Bilder der Reihe nach",
    "workbench.pairing_manual": "Manuell (Zuweisungsliste)",
    "workbench.pairing_hint": "Bestimmt, wie Bilder zu Audios gepaart werden.",
    "workbench.assign_open": "Zuweisung öffnen",
    "workbench.assign_apply": "Zuweisung übernehmen",
    "sidebar.hilfe": "Hilfe",
    "help.titel": "Hilfe-Center",
    "help.suchen": "Suchen in Hilfe …",
    "help.open_file": "Hilfe-Datei öffnen",
    "help.quickstart": "Schnellstart",
    "help.faq": "FAQ / Fehlerhilfe",
    "perf.note": "Schonmodus begrenzt nur Threads. Qualität bleibt gleich.",
    "tests.mustpass": "Must-Pass Suite (Release-Test)",
    "tests.mustpass_hint": "Prüft Werkbank, Automatik, Quarantäne, Schonmodus, Tonqualität.",
    "preflight.ok": "Alles bereit.",
    "preflight.warn": "Fast bereit. Ein paar Haken noch.",
    "preflight.bad": "Stopp. Erst reparieren, dann los.",
    "preflight.setup": "Jetzt einrichten (FFmpeg)",
    "preflight.details": "Details",
    "preflight.missing_ffmpeg": "FFmpeg fehlt. Ohne Werkzeug keine Ausgabe.",
    "preflight.space_low": "Wenig Speicher frei. Export kann scheitern.",
    "preflight.watch_missing": "Watchfolder fehlt. Downloads-Pfad prüfen.",
    "edge.font_missing": "Schrift fehlt: Lauftext wird deaktiviert. (Installiere z.B. DejaVuSans)",
    "edge.outdir_fail": "Ausgabe-Ordner nicht schreibbar. Ich nutze den sicheren Standard-Ordner.",
    "edge.pick_watch": "Watchfolder wählen",
    "edge.watch_set": "Watchfolder gesetzt und gespeichert.",
    "edge.no_image_fallback": "Kein Bild gefunden. Preset-Bild wird genutzt.",
    "edge.no_logo_file": "Logo-Datei nicht gefunden. Logo wird übersprungen.",
    "buttons.export": "Ausgabe bauen",
    "buttons.preview": "Vorschau",
    "buttons.open_exports": "Ausgaben öffnen"
  },
  "tooltips": {
    "buttons.vorschau_10s": "Kurzer Probelauf. Spart Zeit und Ärger.",
    "buttons.abspielen": "Öffnet die Datei im Standard-Player.",
    "buttons.quelle_ersetzen": "Tausch Audio oder Bild aus. Das Tool prüft direkt.",
    "sidebar.entwicklerdoku": "Für Schrauber: Architektur, Dateien, Schnittstellen.",
    "favoriten.hinzufuegen": "Bilder/Logos als Favorit ablegen. Schnell wiederverwenden.",
    "favoriten.stern": "Markiert als Top-Favorit.",
    "favoriten.tags": "Tags kommagetrennt, z.B. logo, hell, transparent",
    "settings.testen": "Prüft, ob das Tool in die Ordner schreiben kann. Keine Überraschungen nachts.",
    "settings.template_single": "Variablen: {audio} {vorlage} {datum} {uhrzeit} {sw}",
    "settings.template_batch": "Variablen: {audio} {vorlage} {datum} {nummer} {sw}",
    "maintenance.run": "Entfernt alte Temp-Dateien und rotiert Logs. Stabilität gewinnt.",
    "workbench.export_now": "Erstellt sofort eine Ausgabe aus deiner Auswahl. Bei mehreren Audios wird eine Stapel-Ausgabe erstellt.",
    "workbench.text": "Einzeilig empfohlen. Läuft bis zum Ende der Musik.",
    "workbench.logo": "Nimmt ein Logo aus Favoriten oder eine Datei."
  },
  "dialogs": {
    "quelle_auto_titel": "Quelle ersetzen – Auto-Vorschlag",
    "quelle_auto_text": "Ich schlage dir die beste passende Datei vor. Du kannst jederzeit manuell wählen.",
    "quelle_auto_uebernehmen": "Vorschlag übernehmen",
    "quelle_auto_andere": "Andere Vorschläge",
    "quelle_auto_manuell": "Manuell auswählen",
    "quelle_auto_cancel": "Abbrechen"
  },
  "errors": {
    "ffmpeg_fehlt": {
      "titel": "Werkzeug fehlt: FFmpeg.",
      "text": "Ohne FFmpeg keine Ausgabe. Einrichten dauert eine Minute.",
      "ursache": "FFmpeg/ffprobe nicht gefunden oder zu alt.",
      "aktionen": [
        {
          "label": "Jetzt automatisch einrichten",
          "action": "setup_install_ffmpeg_sudo"
        },
        {
          "label": "Hilfe anzeigen",
          "action": "open_help_ffmpeg"
        }
      ]
    }
  }
}