{
  "schema_version": 1,
  "themes": {
    "hochkontrast_dunkel": {
      "label": "Hochkontrast Dunkel"
    },
    "hochkontrast_hell": {
      "label": "Hochkontrast Hell"
    },
    "daemmerung": {
      "label": "Dämmerung"
    }
  },
  "qss": {
    "hochkontrast_dunkel": "\nQWidget { background: #0f0f10; color: #f2f2f2; font-size: 14px; }\nQGroupBox { border: 1px solid #3a3a3d; border-radius: 8px; margin-top: 10px; }\nQGroupBox::title { subcontrol-origin: margin; left: 12px; padding: 0 6px; }\nQLineEdit, QTextEdit, QPlainTextEdit, QComboBox, QSpinBox, QDoubleSpinBox { background: #17171a; border: 1px solid #4a4a4f; border-radius: 8px; padding: 8px; }\nQPushButton { background: #1f6feb; border: 1px solid #1f6feb; border-radius: 10px; padding: 8px 12px; min-height: 38px; }\nQPushButton:hover { background: #2b78ff; }\nQPushButton:disabled { background: #333338; border-color: #333338; color: #9a9aa3; }\nQTabWidget::pane { border: 1px solid #3a3a3d; border-radius: 10px; }\nQTabBar::tab { background: #17171a; border: 1px solid #3a3a3d; padding: 8px 10px; border-top-left-radius: 10px; border-top-right-radius: 10px; margin-right: 4px; }\nQTabBar::tab:selected { background: #0f0f10; border-bottom-color: #0f0f10; }\nQListWidget { background: #17171a; border: 1px solid #3a3a3d; border-radius: 10px; }\nQLabel { color: #f2f2f2; }\n",
    "hochkontrast_hell": "\nQWidget { background: #ffffff; color: #101114; font-size: 14px; }\nQGroupBox { border: 1px solid #c7c7cf; border-radius: 8px; margin-top: 10px; }\nQGroupBox::title { subcontrol-origin: margin; left: 12px; padding: 0 6px; }\nQLineEdit, QTextEdit, QPlainTextEdit, QComboBox, QSpinBox, QDoubleSpinBox { background: #f6f6fb; border: 1px solid #b7b7c2; border-radius: 8px; padding: 8px; }\nQPushButton { background: #1f6feb; border: 1px solid #1f6feb; color: #ffffff; border-radius: 10px; padding: 8px 12px; min-height: 38px; }\nQPushButton:hover { background: #2b78ff; }\nQPushButton:disabled { background: #e2e2ea; border-color: #e2e2ea; color: #7a7a86; }\nQTabWidget::pane { border: 1px solid #c7c7cf; border-radius: 10px; }\nQTabBar::tab { background: #f0f0f6; border: 1px solid #c7c7cf; padding: 8px 10px; border-top-left-radius: 10px; border-top-right-radius: 10px; margin-right: 4px; }\nQTabBar::tab:selected { background: #ffffff; border-bottom-color: #ffffff; }\nQListWidget { background: #f6f6fb; border: 1px solid #c7c7cf; border-radius: 10px; }\n",
    "daemmerung": "\nQWidget { background: #1b1c1f; color: #e9e9ee; font-size: 14px; }\nQGroupBox { border: 1px solid #4b4c55; border-radius: 8px; margin-top: 10px; }\nQGroupBox::title { subcontrol-origin: margin; left: 12px; padding: 0 6px; }\nQLineEdit, QTextEdit, QPlainTextEdit, QComboBox, QSpinBox, QDoubleSpinBox { background: #23242a; border: 1px solid #5b5c66; border-radius: 8px; padding: 8px; }\nQPushButton { background: #3b82f6; border: 1px solid #3b82f6; border-radius: 10px; padding: 8px 12px; min-height: 38px; }\nQPushButton:hover { background: #4b8cff; }\nQPushButton:disabled { background: #353641; border-color: #353641; color: #a0a0aa; }\nQListWidget { background: #23242a; border: 1px solid #4b4c55; border-radius: 10px; }\n"
  }
}