{
  "at": "2026-02-03T02:24:46Z",
  "pass": true,
  "checks": {
    "prereq": {
      "ffmpeg": true,
      "ffprobe": true
    },
    "compile": {
      "errors": [],
      "ok": true
    },
    "workbench": {
      "normal": {
        "eco_mode": false,
        "output": "/mnt/data/_audit_918/modultool_portable/portable_data/user_data/exports/mustpass/tone_5s_youtube_hd_ton_safe_2026-02-03_022449.mp4",
        "audio_ok": true,
        "audio_meta": {
          "audio_bitrate_kbps": 234,
          "audio_samplerate_hz": 48000
        }
      },
      "eco": {
        "eco_mode": true,
        "output": "/mnt/data/_audit_918/modultool_portable/portable_data/user_data/exports/mustpass/tone_5s_youtube_hd_ton_safe_2026-02-03_022453.mp4",
        "audio_ok": true,
        "audio_meta": {
          "audio_bitrate_kbps": 234,
          "audio_samplerate_hz": 48000
        }
      }
    },
    "automation": {
      "ok": {
        "force_bad_bitrate": false,
        "report": "/mnt/data/_audit_918/modultool_portable/portable_data/user_data/mustpass_auto/data/reports/run_20260203_022457.json",
        "fertig": 1,
        "quarantaene": 0
      },
      "bad": {
        "force_bad_bitrate": true,
        "report": "/mnt/data/_audit_918/modultool_portable/portable_data/user_data/mustpass_auto/data/reports/run_20260203_022517.json",
        "fertig": 0,
        "quarantaene": 1
      }
    }
  }
}