{
  "at": "2026-02-03T02:20:35Z",
  "pass": false,
  "checks": {
    "prereq": {
      "ffmpeg": true,
      "ffprobe": true
    },
    "compile": {
      "errors": [],
      "ok": true
    },
    "workbench": {
      "error": "Command '['bash', '/mnt/data/_audit_918/modultool_portable/tools/run_workbench_export.sh', '--audio', '/mnt/data/_audit_918/modultool_portable/portable_data/user_data/mustpass/tone_5s.wav', '--image', '/mnt/data/_audit_918/modultool_portable/portable_data/user_data/mustpass/img.jpg', '--outdir', '/mnt/data/_audit_918/modultool_portable/portable_data/user_data/exports/mustpass', '--preset', 'youtube_hd_ton_safe', '--settings', '/mnt/data/_audit_918/modultool_portable/portable_data/config/settings.json']' returned non-zero exit status 1."
    },
    "automation": {
      "ok": {
        "force_bad_bitrate": false,
        "report": "/mnt/data/_audit_918/modultool_portable/portable_data/user_data/mustpass_auto/data/reports/run_20260203_022043.json",
        "fertig": 1,
        "quarantaene": 0
      },
      "bad": {
        "force_bad_bitrate": true,
        "report": "/mnt/data/_audit_918/modultool_portable/portable_data/user_data/mustpass_auto/data/reports/run_20260203_022105.json",
        "fertig": 0,
        "quarantaene": 1
      }
    }
  }
}