{
  "schema_version": 1,
  "run_id": "20260203_023250",
  "started_at": "2026-02-03T02:32:50Z",
  "watch_folder": "/mnt/data/modultool_portable_100/modultool_portable/portable_data/user_data/mustpass_auto/watch",
  "settings_path": "/mnt/data/modultool_portable_100/modultool_portable/portable_data/user_data/mustpass_auto/settings.json",
  "rules_path": "/mnt/data/modultool_portable_100/modultool_portable/portable_data/user_data/mustpass_auto/rules.json",
  "jobs": [
    {
      "nr": 1,
      "preset": "youtube_hd_ton_safe",
      "status": "quarantaene",
      "audio": "/mnt/data/modultool_portable_100/modultool_portable/portable_data/user_data/mustpass_auto/data/staging/2026-02-03/audio/tone_5s_in_work_20260203_023250.wav",
      "image": "/mnt/data/modultool_portable_100/modultool_portable/portable_data/user_data/mustpass_auto/data/staging/2026-02-03/images/img_in_work_20260203_023250.jpg",
      "output_tmp": "/mnt/data/modultool_portable_100/modultool_portable/portable_data/cache/temp_renders/tone_5s_in_work_20260203_023250_youtube_hd_ton_safe_2026-02-03_001.mp4",
      "validation": {
        "audio_bitrate_kbps": 96,
        "audio_samplerate_hz": 48000,
        "ok": false
      },
      "reason": "audio_check_fail",
      "output_quarantine": "/mnt/data/modultool_portable_100/modultool_portable/portable_data/user_data/mustpass_auto/data/quarantine/2026-02-03/tone_5s_in_work_20260203_023250_youtube_hd_ton_safe_2026-02-03_001_quarantaene.mp4"
    }
  ],
  "repairs": [],
  "summary": {
    "fertig": 0,
    "quarantaene": 1,
    "gesamt": 1
  },
  "finished_at": "2026-02-03T02:33:08Z"
}